id,user_id,book_title,author
101,622,Our Dumb Century: The Onion Presents 100 Years of Headlines from America's Finest News Source,Tara Westover
102,56,To Kill a Mockingbird,Jen Sincero
103,1698,Puerto Vallarta Squeeze,American Psychological Association
104,1350,How the Irish Saved Civilization: The Untold Story of Ireland's Heroic Role from the Fall of Rome to the Rise of Medieval Europe (Hinges of History),Elie Wiesel
105,1374,Haifischfrauen.,Atul Gawande
106,1622,Julius Caesar (Oxford School Shakespeare),J.K. Rowling
107,1335,Wish You Well,Jen Sincero
108,928,Left Behind: A Novel of the Earth's Last Days (Left Behind No. 1),Jon Meacham
109,1795,The Messenger,Sarah Young
110,1360,O Deus Das Pequenas Coisas,Samin Nosrat
111,14,October Sky: A Memoir,Randall Munroe
112,47,Clara Callan,Laurel Randolph
113,770,Wie Barney es sieht.,The College Board
114,684,Harlequin Valentine,John Green
115,1739,The Soulbane Stratagem,Todd Burpo
116,191,Fahrenheit 451,Chris Kyle
117,1442,Our Dumb Century: The Onion Presents 100 Years of Headlines from America's Finest News Source,E L James
118,1647,The Testament,Giles Andreae
119,995,Las DOS Muertes De Gardel (Ficcionario),Delia Owens
120,776,A Kiss Remembered,Mitch Albom
121,488,Empire Falls,Jeff Kinney
122,767,Manhattan Hunt Club,Ree Drummond
123,1222,Goodbye to the Buttermilk Sky,Suzanne Collins
124,1177,The Gospel of Judas: A Novel,DK
125,1789,Prague : A Novel,R. J. Palacio
126,1162,To Kill a Mockingbird,Tara Westover
127,1107,Haveli (Laurel Leaf Books),Rachel Hollis
128,162,Astral Travel for Beginners (For Beginners),Susan Cain
129,1819,Hannibal,Mitch Albom
130,665,More Cunning Than Man: A Social History of Rats and Man,Dr. Seuss
131,1866,Skin And Bones,Patrick Lencioni
132,302,Eva Luna,Harper Lee
133,1206,"Whisper of Evil (Hooper, Kay. Evil Trilogy.)",Ernest Cline
134,77,OUT OF THE SILENT PLANET,Phil Robertson
135,517,Las DOS Muertes De Gardel (Ficcionario),Jeff Kinney
136,598,OBJECT AFFECTION,Edward M. Kennedy
137,703,Miss Zukas and the Raven's Dance,David Platt
138,653,L�?¶wenzahnwein. Roman.,Ian K. Smith M.D.
139,321,Philip Jose Farmer's The Dungeon,Bob Woodward
140,1470,Making Minty Malone,Brian Kilmeade
141,121,All or Nothing (Wheeler Large Print Books),Malcolm Gladwell
142,998,The Accidental Virgin,Laura Hillenbrand
143,1473,Life Before Man,Ree Drummond
144,752,The Kalahari Typing School for Men (No. 1 Ladies' Detective Agency),Patrick Lencioni
145,1440,Atonement : A Novel,E L James
146,1061,El Senor De Los Anillos: Las DOS Torres (Lord of the Rings (Paperback)),David Grann
147,1401,"Prize Stories, 1987: The O'Henry Awards",Rachel Hollis
148,557,Die Klone der Joanna May. Roman.,R. J. Palacio
149,1715,"The Complete Book of Incense, Oils &amp; Brews (Llewellyn's Practical Magick)",Samin Nosrat
150,627,Chicken Soup for the Woman's Soul (Chicken Soup for the Soul Series (Paper)),School Zone
151,1579,Frankenstein (Dover Thrift Editions),Dr. Seuss
152,1746,London : The Novel,Doug Lemov
153,361,EYE ON CRIME: HARDY BOYS #153,Paula Hawkins
154,60,Digital Fortress : A Thriller,Stephenie Meyer
155,1055,The Brimstone Wedding,Rupi Kaur
156,602,The Adventures of Tom Sawyer,Madeleine L'Engle
157,227,Philip Jose Farmer's The Dungeon,American Psychological Association
158,955,Snow Angels,Brené Brown
159,1130,"Demona's Revenge (Gargoyles, No. 2)",Rob Bell
160,504,The Perfect Storm : A True Story of Men Against the Sea,Dav Pilkey
161,1786,How the Irish Saved Civilization: The Untold Story of Ireland's Heroic Role from the Fall of Rome to the Rise of Medieval Europe (Hinges of History),Anthony Doerr
162,1252,Die Cappuccino- Jahre. Aus dem Tagebuch des Adrian Mole.,Mark Hyman M.D.
163,421,The Scarlet Letter,Stephenie Meyer
164,1038,"Every Breath You Take : A True Story of Obsession, Revenge, and Murder",Daniel Kahneman
165,1681,Angel of Hope (Mercy Trilogy),Walter Isaacson
166,906,Dragonsong (Harper Hall Trilogy),Cheryl Strayed
167,1361,Jingo: A Discworld Novel (Discworld Series/Terry Pratchett),Joel Fuhrman MD
168,1240,El paraíso (Tiempos modernos),Rob Elliott
169,1549,The Catcher in the Rye,Scholastic
170,848,Far from the Madding Crowd (Wordsworth Classics),Malcolm Gladwell
171,1158,The Folk of the Faraway Tree,Bill O'Reilly
172,589,Murder at the Kennedy Center (Capital Crime Mysteries),Rush Limbaugh
173,1273,Der illustrierte Mann. Erz�?¤hlungen.,Suzanne Collins
174,862,Before I Say Good-Bye,Gillian Flynn
175,771,Mansfield Park (Penguin Popular Classics),Marie Kondō
176,402,Falling Leaves: The True Story of an Unwanted Chinese Daughter,Kathryn Stockett
177,890,Flood : Mississippi 1927,Suzanne Collins
178,1276,"Santa Brought A Son : Marrying The Boss's Daughter (Silhouette Romance, 1698)",Daniel Lipkowitz
179,1013,Seabiscuit: An American Legend,The College Board
180,11,Remembering Peter Gzowski : A Book of Tributes,John Green
181,1934,Wicked: The Life and Times of the Wicked Witch of the West,Timothy Ferriss
182,599,Why Are Boys So Weird (Tales from Third Grade),Rob Elliott
183,365,Das B�?¶se kommt auf leisen Sohlen.,Cheryl Strayed
184,1598,Die Mars- Chroniken. Roman in Erz�?¤hlungen.,Mark R. Levin
185,604,Airframe,Todd Burpo
186,1655,Puerto Vallarta Squeeze,Daniel Kahneman
187,1758,Angels &amp; Demons,Howard Stern
188,1687,"The Amber Spyglass (His Dark Materials, Book 3)",Margaret Wise Brown
189,995,Angels &amp; Demons,Heidi Murkoff
190,1841,Lake News,Thug Kitchen
191,73,The Kitchen God's Wife,Gallup
192,194,What If?: The World's Foremost Military Historians Imagine What Might Have Been,Doug Lemov
193,7,Das B�?¶se kommt auf leisen Sohlen.,George R. R. Martin
194,1901,London : The Novel,John Heilemann
195,496,The Kitchen God's Wife,Gary Chapman
196,1857,Lying Awake,Keith Richards
197,1844,Waiting,Anthony Doerr
198,715,The James Dean Affair: A Neil Gulliver &amp; Stevie Marriner Novel,Angie Grace
199,537,Vinegar Hill (Oprah's Book Club (Paperback)),Kristin Hannah
200,1107,Veronika Deschliesst Zu Sterben / Vernika Decides to Die,Adir Levy
